Gene ID	SRR1046909	SRR1046910	SRR1260032	SRR1260033	SRR070570	SRR1524938	SRR1524940	SRR070571	SRR314814	SRR847503	SRR847504	SRR847505	SRR847506
AT1G01010	154	173	204	462	558	457	392	63	803	100	88	67	96
AT1G01020	45	58	111	133	442	345	274	159	229	158	132	111	148
AT1G01030	1	7	4	24	33	27	21	100	12	23	23	22	38
AT1G01040	146	163	414	775	1149	843	703	750	812	731	612	623	745
AT1G01046	2	0	1	5	12	12	19	1	10	11	1	12	8
AT1G01050	438	459	1145	1617	2013	1744	1585	830	1401	928	776	885	984
AT1G01060	8	16	116	372	1044	830	752	298	52	33	32	4264	5055
AT1G01070	113	113	199	251	685	576	505	126	362	73	64	90	125
AT1G01080	25	27	67	42	172	106	94	2720	191	1543	1301	662	819
